-- MySQL dump 10.13  Distrib 5.7.17, for Win64 (x86_64)
--
-- Host: 127.0.0.1    Database: wandfluh
-- ------------------------------------------------------
-- Server version	5.7.19-log

/*!40101 SET @OLD_CHARACTER_SET_CLIENT=@@CHARACTER_SET_CLIENT */;
/*!40101 SET @OLD_CHARACTER_SET_RESULTS=@@CHARACTER_SET_RESULTS */;
/*!40101 SET @OLD_COLLATION_CONNECTION=@@COLLATION_CONNECTION */;
/*!40101 SET NAMES utf8 */;
/*!40103 SET @OLD_TIME_ZONE=@@TIME_ZONE */;
/*!40103 SET TIME_ZONE='+00:00' */;
/*!40014 SET @OLD_UNIQUE_CHECKS=@@UNIQUE_CHECKS, UNIQUE_CHECKS=0 */;
/*!40014 SET @OLD_FOREIGN_KEY_CHECKS=@@FOREIGN_KEY_CHECKS, FOREIGN_KEY_CHECKS=0 */;
/*!40101 SET @OLD_SQL_MODE=@@SQL_MODE, SQL_MODE='NO_AUTO_VALUE_ON_ZERO' */;
/*!40111 SET @OLD_SQL_NOTES=@@SQL_NOTES, SQL_NOTES=0 */;

--
-- Table structure for table `wf_category`
--

DROP TABLE IF EXISTS `wf_category`;
/*!40101 SET @saved_cs_client     = @@character_set_client */;
/*!40101 SET character_set_client = utf8 */;
CREATE TABLE `wf_category` (
  `id` int(11) NOT NULL AUTO_INCREMENT,
  `name` varchar(255) NOT NULL,
  `image` varchar(128) DEFAULT NULL,
  `description` varchar(255) DEFAULT NULL,
  `parent_id` int(11) DEFAULT NULL,
  PRIMARY KEY (`id`),
  KEY `fk_category_category_idx` (`parent_id`),
  CONSTRAINT `fk_category_category` FOREIGN KEY (`parent_id`) REFERENCES `wf_category` (`id`)
) ENGINE=InnoDB AUTO_INCREMENT=71 DEFAULT CHARSET=utf8;
/*!40101 SET character_set_client = @saved_cs_client */;

--
-- Dumping data for table `wf_category`
--

LOCK TABLES `wf_category` WRITE;
/*!40000 ALTER TABLE `wf_category` DISABLE KEYS */;
INSERT INTO `wf_category` VALUES (1,'\"Клапаны переключения\"',NULL,NULL,NULL),(2,'\"Золотниковые клапаны\"','\"csm_1_schieberventile_01_ee7cf6a864.gif\"',NULL,1),(3,'\"Золотниковые клапаны с прямым управлением\"',NULL,NULL,2),(4,'\"Золотниковые клапаны с пилотным управлением\"',NULL,NULL,2),(5,'\"Тарельчатые клапаны\"','\"csm_sitzventile_01_9ac0fb0f5c.gif\"',NULL,1),(6,'\"Тарельчатые клапаны с прямым управлением\"',NULL,NULL,5),(7,'\"Тарельчатые клапаны с пилотным управлением\"',NULL,NULL,5),(8,'\"Клапаны давления\"','\"csm_1_druckventile_4b5f6430aa.gif\"',NULL,1),(9,'\"Редукционный клапан\"',NULL,NULL,8),(10,'\"Клапаны регулировки давления\"',NULL,NULL,8),(11,'\"Подпорные клапаны\"',NULL,NULL,8),(12,'\"Следящие клапаны\"',NULL,NULL,8),(13,'\"Клапаны, регулирующие заряд гидроаккумулятора\"',NULL,NULL,8),(14,'\"Поточные клапаны\"','\"csm_1_stromventile_2603bba366.gif\"',NULL,1),(15,'\"Дроссельные клапаны\"',NULL,NULL,14),(16,'\"Дроссельные обратные клапаны\"',NULL,NULL,14),(17,'\"Клапаны регулирования объемного расхода\"',NULL,NULL,14),(18,'\"Клапаны разности давлений\"',NULL,NULL,14),(19,'\"Механизмы подачи\"',NULL,NULL,14),(20,'\"Запорные клапаны\"','\"csm_1_sperrventile_3faf5d59f6.gif\"',NULL,1),(21,'\"Клапаны обратные\"',NULL,NULL,20),(22,'\"Клапаны обратные разблокируемые\"',NULL,NULL,20),(23,'\"Краны сливные\"',NULL,NULL,20),(24,'\"Предохранители от разрыва труб\"',NULL,NULL,20),(25,'\"2-ходовые встраиваемые клапаны\"','\"csm_1_2-wege-einbauteile_a02d83f0d5.gif\"',NULL,1),(26,'\"Патроны\"',NULL,NULL,25),(27,'\"Крышка с клапанами управления\"',NULL,NULL,25),(28,'\"Клапаны пропорциональные\"',NULL,NULL,NULL),(29,'\"Клапаны пропорциональные золотниковые\"','\"csm_1_proportional-schieberventile_145920839c.gif\"',NULL,28),(30,'\"Пропорциональные золотниковые клапаны с прямым управлением\"',NULL,NULL,29),(31,'\"Клапаны пропорциональные золотниковые с пилотным управлением\"',NULL,NULL,29),(32,'\"Клапаны давления пропорциональные\"','\"csm_1_proportional-druckventile_78ffa11e29.gif\"',NULL,28),(33,'\"Пропорциональные редукционные клапаны\"',NULL,NULL,32),(34,'\"Клапаны регулировки давления пропорциональные\"',NULL,NULL,32),(35,'\"Клапаны поточные пропорциональные\"','\"csm_1_proportional-stromventile_2a4a3a01a6.gif\"',NULL,28),(36,'\"Клапаны дроссельные пропорциональные\"',NULL,NULL,35),(37,'\"Клапаны регулирования объемного расхода пропорциональные\"',NULL,NULL,35),(38,'\"Электронное оборудование\"',NULL,NULL,NULL),(39,'\"Электронные усилители\"','\"csm_1_verstaerkerelektronik_9e1891f490.gif\"',NULL,38),(40,'\"Аналоговые электронные усилители\"',NULL,NULL,39),(41,'\"Цифровые электронные усилители\"',NULL,NULL,39),(42,'\"Электронные устройства регулирования\"','\"csm_1_reglerelektronik_8e66c30a82.gif\"',NULL,38),(43,'\"Цифровые устройства регулирования\"',NULL,NULL,42),(44,'\"Комплектующие\"',NULL,NULL,NULL),(45,'\"Гидравлические комплектующие\"','\"csm_1_hydraulisches_zubehoer_a0350514a1.gif\"',NULL,44),(46,'\"Резьбовые присоединительные пластины\"',NULL,NULL,45),(47,'\"Монтажные плиты для нескольких устройств\"',NULL,NULL,45),(48,'\"Блоки продольного сопряжения\"',NULL,NULL,45),(49,'\"Резьбовой присоединительный блок\"',NULL,NULL,45),(50,'\"Многослойный резьбовой блок\"',NULL,NULL,45),(51,'\"Крепления для продольного сопряжения\"',NULL,NULL,45),(52,'\"Крепления для вертикального сопряжения\"',NULL,NULL,45),(53,'\"Заглушки и поворотные пластины\"',NULL,NULL,45),(54,'\"Уплотняющие и промежуточные пластины\"',NULL,NULL,45),(55,'\"Distance plates\"',NULL,NULL,45),(56,'\"Электронное оборудование, комплектующие\"',NULL,NULL,44),(57,'\"Электронное оборудование, комплектующие\"',NULL,NULL,56),(58,'\"Электромагниты\"','\"csm_1_magnete_1ad3cb2be0.gif\"',NULL,44),(59,'\"Переключающие электромагниты\"',NULL,NULL,58),(60,'\"Пропорциональные электромагниты\"',NULL,NULL,58),(61,'\"Сменные катушки со штепсельным контактом\"',NULL,NULL,58),(62,'\"ATEX-устройства\"',NULL,NULL,NULL),(63,'\"ATEX-клапаны\"','\"csm_1_atex_ventile_4ea84bcd8b.gif\"',NULL,62),(64,'\"Золотниковые клапаны ATEX\"',NULL,NULL,63),(65,'\"Тарельчатые клапаны ATEX\"',NULL,NULL,63),(66,'\"Клапаны давления ATEX\"',NULL,NULL,63),(67,'\"ATEX flow control valves\"',NULL,NULL,63),(68,'\"Электромагниты ATEX\"','\"csm_1_atex-magnete_884b596af8.gif\"',NULL,62),(69,'\"Заливка компаундом\"',NULL,NULL,68),(70,'\"Искробезопасность\"',NULL,NULL,68);
/*!40000 ALTER TABLE `wf_category` ENABLE KEYS */;
UNLOCK TABLES;

--
-- Table structure for table `wf_category_properties`
--

DROP TABLE IF EXISTS `wf_category_properties`;
/*!40101 SET @saved_cs_client     = @@character_set_client */;
/*!40101 SET character_set_client = utf8 */;
CREATE TABLE `wf_category_properties` (
  `id` int(11) NOT NULL AUTO_INCREMENT,
  `value` text NOT NULL,
  `category_id` int(11) NOT NULL,
  PRIMARY KEY (`id`),
  KEY `fk_category_properties_category1_idx` (`category_id`),
  CONSTRAINT `fk_category_properties_category1` FOREIGN KEY (`category_id`) REFERENCES `wf_category` (`id`)
) ENGINE=InnoDB AUTO_INCREMENT=159 DEFAULT CHARSET=utf8;
/*!40101 SET character_set_client = @saved_cs_client */;

--
-- Dumping data for table `wf_category_properties`
--

LOCK TABLES `wf_category_properties` WRITE;
/*!40000 ALTER TABLE `wf_category_properties` DISABLE KEYS */;
INSERT INTO `wf_category_properties` VALUES (1,'\"Исполнение с прямым и с пилотным управлением\"',2),(2,'\"Фланцевая конструкция\"',2),(3,'\"Электрический, пневматический, гидравлический и механический привод\"',2),(4,'\"Типоразмеры NG3-mini, NG4-mini, NG4-ISO, NG6 и NG10\"',2),(5,'\"Максимальное давление до 350 бар\"',2),(6,'\"Объемный расход до 100 л/мин\"',2),(7,'\"Стандартно малые утечки\"',2),(8,'\"Большой выбор специальных поршней\"',2),(9,'\"Уменьшенный и увеличенный зазор между поршнем и цилиндром для специальных применений\"',2),(10,'\"Исполнения с плавным включением для уменьшения ударов включения\"',2),(11,'\"Короткие сроки поставки, даже для специального оборудования\"',2),(12,'\"Исполнение с прямым и с пилотным управлением\"',5),(13,'\"Фланцевая, многослойная и патронная конструкция\"',5),(14,'\"Электрический, пневматический и механический приводы\"',5),(15,'\"Типоразмеры NG3-mini, NG4-mini, NG6 и NG10\"',5),(16,'\"Резьбовые патроны: M18x1,5, M22x1,5 и M33x2\"',5),(17,'\"Максимальное давление до 350 бар\"',5),(18,'\"Объемный расход до 120 л/мин\"',5),(19,'\"Очень хорошая герметичность в обоих направлениях потока\"',5),(20,'\"Большой выбор функций и вариантов исполнения\"',5),(21,'\"Возможность вентиляции клапанов\"',5),(22,'\"Клапаны пропускают поток в обоих направлениях\"',5),(23,'\"Короткие сроки поставки, даже для специального оборудования\"',5),(24,'\"Клапаны ограничения, регулирования, подпора давления, следящие, регулирующие заряд гидроаккумулятора\"',8),(25,'\"Фланцевая, многослойная и патронная конструкция\"',8),(26,'\"Ручной привод\"',8),(27,'\"Типоразмеры NG3-mini, NG4-mini, NG6 и NG10\"',8),(28,'\"Резьбовые патроны: M18x1.5; M22x1.5 и M33x2\"',8),(29,'\"Максимальное давление до 350 бар\"',8),(30,'\"Объемный расход до 100 л/мин\"',8),(31,'\"Исполнения с ручным приводом, регулирование поворотной ручкой, ключом и кнопкой с фиксацией\"',8),(32,'\"Большой выбор функций и вариантов исполнений\"',8),(33,'\"Исполнения с пилотным управлением для больших потоков\"',8),(34,'\"Короткие сроки поставки, даже для специального оборудования\"',8),(35,'\"Клапаны дроссельные, дроссельные обратные и регулирующие объемный расход, разности давлений и механизмы подачи\"',14),(36,'\"Фланцевая, многослойная и патронная конструкция\"',14),(37,'\"Ручной привод\"',14),(38,'\"Регулирующие объемный расход клапаны 2-х и 3-ходовые\"',14),(39,'\"Типоразмеры NG3-mini, NG4-mini, NG6 и NG10\"',14),(40,'\"Резьбовые патроны: M18x1.5; M22x1.5 и M33x2\"',14),(41,'\"Максимальное давление до 350 бар\"',14),(42,'\"Объемный расход до 100 л/мин\"',14),(43,'\"Исполнения с ручным приводом, регулирование поворотной ручкой, ключом и кнопкой с фиксацией\"',14),(44,'\"Большой выбор функций и вариантов исполнения\"',14),(45,'\"Хорошая чувствительность и точность регулирования\"',14),(46,'\"Короткие сроки поставки, даже для специального оборудования\"',14),(47,'\"Обратные и сервоуправляемые обратные клапаны\"',20),(48,'\"Сливные краны и предохранительные клапаны на случай разрыва трубы\"',20),(49,'\"Фланцевая, многослойная и патронная конструкция\"',20),(50,'\"Ручной привод\"',20),(51,'\"Типоразмеры NG3-mini, NG4-mini, NG6 и NG10\"',20),(52,'\"Резьбовые патроны: M22x1,5 и M33x2\"',20),(53,'\"Максимальное давление до 350 бар\"',20),(54,'\"Объемный расход до 100 л/мин\"',20),(55,'\"Большой выбор функций и вариантов исполнения\"',20),(56,'\"Исполнения с повышенной коррозионной стойкостью\"',20),(57,'\"Короткие сроки поставки, даже для специального оборудования\"',20),(58,'\"Патроны и крышки\"',25),(59,'\"Штепсельные патроны по ISO7368/DIN24342\"',25),(60,'\"Крышка управления с клапанами управления Wandfluh\"',25),(61,'\"Типоразмеры NG16, NG25, NG32 и NG40\"',25),(62,'\"Максимальное давление 350 бар\"',25),(63,'\"Объемный расход до 1200 л/мин\"',25),(64,'\"Большой выбор функций и вариантов исполнения\"',25),(65,'\"Короткие сроки поставки, даже для специального оборудования\"',25),(66,'\"Исполнение с прямым и с пилотным управлением\"',29),(67,'\"Фланцевая конструкция\"',29),(68,'\"с встроенной электроникой (DSV)\"',29),(69,'\"С регулированием положения поршня (LVDT)\"',29),(70,'\"Типоразмеры NG-3 и NG-4 мини, NG4, NG6 и NG10 ISO\"',29),(71,'\"Screw-in cartridge 7/8-14 and 3/4-16 UNF\"',29),(72,'\"Максимальное давление 350 бар\"',29),(73,'\"Объемный расход до 200 л/мин\"',29),(74,'\"Стандартно малые утечки\"',29),(75,'\"Малый гистерезис и точное разрешение\"',29),(76,'\"Короткие сроки поставки, даже для специального оборудования\"',29),(77,'\"Клапаны редукционные пропорциональные и клапаны регулировки давления пропорциональные\"',32),(78,'\"Исполнение с прямым и с пилотным управлением\"',32),(79,'\"Фланцевая, многослойная и патронная конструкция\"',32),(80,'\"с встроенной электроникой (DSV)\"',32),(81,'\"Типоразмеры NG3-мини, NG4-мини, NG6 и NG10\"',32),(82,'\"Резьбовые патроны: M18x1,5, M22x1,5 и M33x2\"',32),(83,'\"Максимальное давление до 350 бар\"',32),(84,'\"Объемный расход до 100 л/мин\"',32),(85,'\"Малый гистерезис и точное разрешение\"',32),(86,'\"Большой выбор функций и вариантов исполнения\"',32),(87,'\"Исполнения с пилотным управлением для больших объемных расходов\"',32),(88,'\"Короткие сроки поставки, даже для специального оборудования\"',32),(89,'\"Клапаны дроссельные пропорциональные и клапаны регулирования объемного расхода пропорциональные\"',35),(90,'\"Клапаны регулирования объемного расхода в 2- и 3-ходовом исполнении\"',35),(91,'\"Фланцевая, многослойная и патронная конструкция\"',35),(92,'\"С встроенной электроникой (DSV)\"',35),(93,'\"Все в одном (регулятор расхода/тарельчатый клапан/ограничитель скорости)\"',35),(94,'\"Типоразмеры NG3-мини, NG4-мини, NG6 и NG10\"',35),(95,'\"Резьбовые патроны: M18x1,5, M22x1,5 и M33x2\"',35),(96,'\"Максимальное давление до 350 бар\"',35),(97,'\"Объемный расход до 100 л/мин\"',35),(98,'\"Малый гистерезис и точное разрешение\"',35),(99,'\"Большой выбор функций и вариантов исполнения\"',35),(100,'\"Исполнения с пилотным управлением для больших объемных расходов\"',35),(101,'\"Короткие сроки поставки, даже для специального оборудования\"',35),(102,'\"Аналоговые и цифровые усилители\"',39),(103,'\"Для применения в промышленных и мобильных изделиях\"',39),(104,'\"В виде штекерного разъема, в формате Europe card, как модуль с защелкой и как мобильная электроника\"',39),(105,'\"Для управления одним, двумя, четырьмя или восемью пропорциональными электромагнитами\"',39),(106,'\"Разъем соответствует DIN 43650, конструкция A для простых применений\"',39),(107,'\"Europe card и модуль с защелкой с возможностью параметризации на передней панели или с помощью управляемой через меню ПО диагностики и параметризации Стандартные исполнения расширяются дополнительными модулями и функциями\"',39),(108,'\"Простое и быстрое обращение\"',39),(109,'\"Возможность адаптации к требованиям клиента без изменения аппаратной части\"',39),(110,'\"Короткие сроки поставки, даже для специального оборудования\"',39),(111,'\"Цифровые устройства регулирования\"',42),(112,'\"Регуляторы положения, давления, объемного расхода и расхода\"',42),(113,'\"Осевой регулятор со свободно настраиваемыми профилями движения\"',42),(114,'\"Для аналоговых и частично цифровых систем измерения\"',42),(115,'\"Для применения в промышленности\"',42),(116,'\"В формате Europe card и как модуль с защелкой\"',42),(117,'\"Для управления двумя или четырьмя пропорциональными электромагнитами\"',42),(118,'\"Параметризация с помощью управляемого через меню ПО диагностики и параметризации\"',42),(119,'\"Привязка к шине (CANopen, PROFIBUS DP) по запросу\"',42),(120,'\"Простое и быстрое обращение\"',42),(121,'\"Возможность адаптации к требованиям клиента без изменения аппаратной части\"',42),(122,'\"Короткие сроки поставки, даже для специального оборудования\"',42),(123,'\"Резьбовые присоединительные пластины, монтажные плиты для нескольких устройств, блоки продольного сопряжения, резьбовые присоединительные блоки, многослойные резьбовые блоки, резьбовые присоединительные блоки для резьбовых патронов, заглушки и поворотные пластины, уплотняющие и промежуточные пластины and distance plates\"',45),(124,'\"Резьбовые присоединительные блоки для резьбовых патронов по ISO 7789\"',45),(125,'\"Типоразмеры NG3-мини, NG4-мини, NG6 и NG10\"',45),(126,'\"Максимальное давление 350 бар\"',45),(127,'\"Короткие сроки поставки, даже для специального оборудования\"',45),(128,'\"Пружинная контактная планка, держатель сменных плат\"',56),(129,'\"Магниты переключающие и пропорциональные\"',58),(130,'\"Исполнение фланцевое и со сменными катушками\"',58),(131,'\"Размеры 29 мм, 35 мм, 45 мм и 60 мм\"',58),(132,'\"Мокрые магниты для статической герметичности до 350 бар\"',58),(133,'\"Исполнения для постоянного тока (10...250 В-) Исполнения для переменного тока (24...250В~) с интегрированной схемой выпрямления\"',58),(134,'\"Различные исполнения кабелей и разъемов\"',58),(135,'\"Класс защиты IP65 (IP67 как опция)\"',58),(136,'\"Стандартное литье\"',58),(137,'\"Электромагниты для относительной продолжительности включения 100% и непрерывной работы\"',58),(138,'\"Короткие сроки поставки, даже для специального оборудования\"',58),(139,'\"Клапаны золотниковые, клапаны пропорциональные золотниковые, клапаны тарельчатые, клапаны давления пропорциональные\"',63),(140,'\"Фланцевое и патронное исполнение\"',63),(141,'\"Типоразмеры: NG4-мини, NG6 и NG10\"',63),(142,'\"Резьбовые патроны: M22x1,5 и M33x2\"',63),(143,'\"Максимальное давление до 350 бар\"',63),(144,'\"Объемный расход до 100 л/мин\"',63),(145,'\"Взрывозащита по 60 079 (EN 50 014)\"',63),(146,'\"Применение в зонах 0, 1 и 2\"',63),(147,'\"Классы температур до T4 или до T6 соотв.\"',63),(148,'\"Повышенная безопасность, герметизация компаундом, искробезопасность\"',63),(149,'\"Ex e, Ex d, Ex ia\"',63),(150,'\"Короткие сроки поставки, даже для специального оборудования\"',63),(151,'\"Заливка компаундом и искробезопасность\"',68),(152,'\"Конструкция со сменной катушкой\"',68),(153,'\"Взрывозащита по 60 079\"',68),(154,'\"Применение в зонах 0, 1 и 2\"',68),(155,'\"Классы температур до T4 - T6 соотв.\"',68),(156,'\"Заливка компаундом, искробезопасность\"',68),(157,'\"Ex d, Ex ia\"',68),(158,'\"Короткие сроки поставки даже для специальных обмоток\"',68);
/*!40000 ALTER TABLE `wf_category_properties` ENABLE KEYS */;
UNLOCK TABLES;

--
-- Table structure for table `wf_product`
--

DROP TABLE IF EXISTS `wf_product`;
/*!40101 SET @saved_cs_client     = @@character_set_client */;
/*!40101 SET character_set_client = utf8 */;
CREATE TABLE `wf_product` (
  `id` int(11) NOT NULL AUTO_INCREMENT,
  `name` varchar(45) NOT NULL,
  `data_sheet_no` varchar(11) NOT NULL,
  `data_sheet_pdf` varchar(45) NOT NULL,
  `category_id` int(11) NOT NULL,
  `product_construction_id` int(11) DEFAULT NULL,
  `product_size_id` int(11) DEFAULT NULL,
  `product_type_id` int(11) DEFAULT NULL,
  `product_control_id` int(11) DEFAULT NULL,
  PRIMARY KEY (`id`),
  KEY `fk_product_category1_idx` (`category_id`),
  KEY `fk_product_product_construction1_idx` (`product_construction_id`),
  KEY `fk_product_product_size1_idx` (`product_size_id`),
  KEY `fk_product_product_type1_idx` (`product_type_id`),
  KEY `fk_product_product_control1_idx` (`product_control_id`),
  CONSTRAINT `fk_product_category1` FOREIGN KEY (`category_id`) REFERENCES `wf_category` (`id`),
  CONSTRAINT `fk_product_product_construction1` FOREIGN KEY (`product_construction_id`) REFERENCES `wf_product_construction` (`id`),
  CONSTRAINT `fk_product_product_control1` FOREIGN KEY (`product_control_id`) REFERENCES `wf_product_control` (`id`),
  CONSTRAINT `fk_product_product_size1` FOREIGN KEY (`product_size_id`) REFERENCES `wf_product_size` (`id`),
  CONSTRAINT `fk_product_product_type1` FOREIGN KEY (`product_type_id`) REFERENCES `wf_product_type` (`id`)
) ENGINE=InnoDB AUTO_INCREMENT=378 DEFAULT CHARSET=utf8;
/*!40101 SET character_set_client = @saved_cs_client */;

--
-- Dumping data for table `wf_product`
--

LOCK TABLES `wf_product` WRITE;
/*!40000 ALTER TABLE `wf_product` DISABLE KEYS */;
INSERT INTO `wf_product` VALUES (1,'','\"1.2-26\"','\"1_2_26p_e.pdf\"',3,1,1,1,1),(2,'','\"1.2-33\"','\"1_2_33p_e.pdf\"',3,2,2,2,1),(3,'','\"1.2-53\"','\"1_2_53p_e.pdf\"',3,2,3,3,1),(4,'','\"1.2-59\"','\"1_2_59p_e.pdf\"',3,2,4,4,1),(5,'','\"1.2-60\"','\"1_2_60p_e.pdf\"',3,3,4,5,1),(6,'','\"1.2-62\"','\"1_2_62p_e.pdf\"',3,4,4,6,1),(7,'','\"1.2-76\"','\"1_2_76p_e.pdf\"',3,2,5,7,1),(8,'','\"1.2-77\"','\"1_2_77p_e.pdf\"',3,4,5,8,1),(9,'','\"1.4-13\"','\"1_4_13p_e.pdf\"',3,5,6,9,2),(10,'','\"1.4-23\"','\"1_4_23p_e.pdf\"',3,5,3,10,2),(11,'','\"1.4-32\"','\"1_4_32p_e.pdf\"',3,5,4,11,2),(12,'','\"1.4-40\"','\"1_4_40_e.pdf\"',3,1,5,12,2),(13,'','\"1.5-10\"','\"1_5_10_e.pdf\"',3,1,1,13,3),(14,'','\"1.5-15\"','\"1_5_15_e.pdf\"',3,1,1,13,3),(15,'','\"1.5-20\"','\"1_5_20_e.pdf\"',3,1,2,14,3),(16,'','\"1.5-25\"','\"1_5_25_e.pdf\"',3,1,2,14,3),(17,'','\"1.5-40\"','\"1_5_40_e.pdf\"',3,1,4,15,3),(18,'','\"1.5-45\"','\"1_5_45_e.pdf\"',3,1,4,15,3),(19,'','\"1.5-50\"','\"1_5_50_e.pdf\"',3,1,5,16,3),(20,'','\"1.5-55\"','\"1_5_55_e.pdf\"',3,1,5,16,3),(21,'','\"1.6-15\"','\"1_6_15p_e.pdf\"',3,1,7,17,4),(22,'','\"1.6-20\"','\"1_6_20p_e.pdf\"',3,1,2,18,4),(23,'','\"1.6-30\"','\"1_6_30p_e.pdf\"',3,1,4,19,4),(24,'','\"1.6-40\"','\"1_6_40p_e.pdf\"',3,1,5,20,4),(25,'','\"1.7-15\"','\"1_7_15_e.pdf\"',3,1,7,21,5),(26,'','\"1.7-20\"','\"1_7_20_e.pdf\"',3,1,2,22,5),(27,'','\"1.7-30\"','\"1_7_30_e.pdf\"',3,1,4,23,5),(28,'','\"1.7-40\"','\"1_7_40_e.pdf\"',3,1,5,24,5),(29,'','\"1.9-31\"','\"1_9_31_e.pdf\"',4,1,5,25,1),(30,'','\"1.9-32\"','\"1_9_32p_e.pdf\"',4,1,5,26,1),(31,'','\"1.9-38\"','\"1_9_38p_e.pdf\"',4,1,5,27,1),(32,'','\"1.9-31\"','\"1_9_31_e.pdf\"',4,1,5,28,3),(33,'','\"1.9-31\"','\"1_9_31_e.pdf\"',4,1,5,29,4),(34,'','\"1.11-205A\"','\"1_11_205A_e.pdf\"',6,6,NULL,30,1),(35,'','\"1.11-205B\"','\"1_11_205B_e.pdf\"',6,6,NULL,31,1),(36,'','\"1.11-2010\"','\"1_11_2010_e.pdf\"',6,7,8,32,1),(37,'','\"1.11-2015\"','\"1_11_2015_e.pdf\"',6,7,8,33,1),(38,'','\"1.11-2020\"','\"1_11_2020_e.pdf\"',6,7,3,34,1),(39,'','\"1.11-2025\"','\"1_11_2025_e.pdf\"',6,7,3,35,1),(40,'','\"1.11-2030\"','\"1_11_2030_e.pdf\"',6,7,4,36,1),(41,'','\"1.11-2035\"','\"1_11_2035_e.pdf\"',6,7,4,37,1),(42,'','\"1.11-2040\"','\"1_11_2040_e.pdf\"',6,7,5,38,1),(43,'','\"1.11-2045\"','\"1_11_2045_e.pdf\"',6,7,5,39,1),(44,'','\"1.11-2050\"','\"1_11_2050_e.pdf\"',6,7,9,40,1),(45,'','\"1.11-2052\"','\"1_11_2052_e.pdf\"',6,8,9,41,1),(46,'','\"1.11-2054\"','\"1_11_2054_e.pdf\"',6,9,9,42,1),(47,'','\"1.11-2060\"','\"1_11_2060_e.pdf\"',6,7,10,43,1),(48,'','\"1.11-2100\"','\"1_11_2100_e.pdf\"',6,1,11,44,1),(49,'','\"1.11-2120\"','\"1_11_2120_e.pdf\"',6,1,12,45,1),(50,'','\"1.11-2140\"','\"1_11_2140_e.pdf\"',6,1,4,46,1),(51,'','\"1.11-2150\"','\"1_11_2150_e.pdf\"',6,5,4,47,1),(52,'','\"1.11-2160\"','\"1_11_2160_e.pdf\"',6,1,5,48,1),(53,'','\"1.11-2500\"','\"1_11_2500_e.pdf\"',6,10,11,49,1),(54,'','\"1.11-2520\"','\"1_11_2520_e.pdf\"',6,10,12,50,1),(55,'','\"1.11-2540\"','\"1_11_2540_e.pdf\"',6,10,4,51,1),(56,'','\"1.11-2560\"','\"1_11_2560_e.pdf\"',6,10,5,52,1),(57,'','\"1.11-5120\"','\"1_11_5120_e.pdf\"',6,1,12,53,6),(58,'','\"1.11-5140\"','\"1_11_5140_e.pdf\"',6,1,4,54,6),(59,'','\"1.11-5160\"','\"1_11_5160_e.pdf\"',6,1,5,55,6),(60,'','\"1.11-6120\"','\"1_11_6120_e.pdf\"',6,1,12,56,4),(61,'','\"1.11-6140\"','\"1_11_6140_e.pdf\"',6,1,4,57,4),(62,'','\"1.11-6160\"','\"1_11_6160_e.pdf\"',6,1,5,58,4),(63,'','\"1.11-208A\"','\"1_11_208A_e.pdf\"',7,11,NULL,59,1),(64,'','\"1.11-208B\"','\"1_11_208B_e.pdf\"',7,11,NULL,60,1),(65,'','\"1.11-2065\"','\"1_11_2065_e.pdf\"',7,12,10,61,1),(66,'','\"1.11-2076\"','\"1_11_2076_e.pdf\"',7,12,13,62,1),(67,'','\"1.11-2080\"','\"1_11_2080_e.pdf\"',7,12,9,63,1),(68,'','\"1.11-2081\"','\"1_11_2081_e.pdf\"',7,12,14,63,1),(69,'','\"1.11-2082\"','\"1_11_2082_e.pdf\"',7,12,10,64,1),(70,'','\"1.11-2083\"','\"1_11_2083_e.pdf\"',7,12,15,65,1),(71,'','\"1.11-2091\"','\"1_11_2091_e.pdf\"',7,12,16,66,1),(72,'','\"2.1-520\"','\"2_1_520_e.pdf\"',9,12,9,67,7),(73,'','\"2.1-523\"','\"2_1_523_e.pdf\"',9,13,17,68,7),(74,'','\"2.1-540\"','\"2_1_540_e.pdf\"',9,12,10,69,7),(75,'','\"2.1-542\"','\"2_1_542_e.pdf\"',9,12,10,70,7),(76,'','\"2.1-544\"','\"2_1_544_e.pdf\"',9,12,10,71,7),(77,'','\"2.1-600\"','\"2_1_600_e.pdf\"',9,14,11,72,7),(78,'','\"2.1-620\"','\"2_1_620_e.pdf\"',9,14,11,73,7),(79,'','\"2.1-640\"','\"2_1_640_e.pdf\"',9,14,4,74,7),(80,'','\"2.1-660\"','\"2_1_660_e.pdf\"',9,14,5,75,7),(81,'','\"2.1-510\"','\"2_1_510_e.pdf\"',9,12,9,76,8),(82,'','\"2.1-530\"','\"2_1_530_e.pdf\"',9,12,10,77,8),(83,'','\"2.1-532\"','\"2_1_532_e.pdf\"',9,12,10,78,8),(84,'','\"2.1-534\"','\"2_1_534_e.pdf\"',9,12,10,79,8),(85,'','\"2.1-536\"','\"2_1_536_e.pdf\"',9,12,10,80,8),(86,'','\"2.1-538\"','\"2_1_538_e.pdf\"',9,15,10,81,8),(87,'','\"2.1-550\"','\"2_1_550_e.pdf\"',9,15,13,82,8),(88,'','\"2.1-600\"','\"2_1_600_e.pdf\"',9,14,11,72,8),(89,'','\"2.1-620\"','\"2_1_620_e.pdf\"',9,14,12,73,8),(90,'','\"2.1-640\"','\"2_1_640_e.pdf\"',9,14,4,74,8),(91,'','\"2.1-660\"','\"2_1_660_e.pdf\"',9,14,5,75,8),(92,'','\"2.2-508\"','\"2_2_508_e.pdf\"',10,12,18,83,7),(93,'','\"2.2-605\"','\"2_2_605_e.pdf\"',10,14,11,84,7),(94,'','\"2.2-630\"','\"2_2_630_e.pdf\"',10,14,12,85,7),(95,'','\"2.2-650\"','\"2_2_650_e.pdf\"',10,14,4,86,7),(96,'','\"2.2-670\"','\"2_2_670_e.pdf\"',10,14,5,87,7),(97,'','\"2.2-510\"','\"2_2_510_e.pdf\"',10,12,9,88,8),(98,'','\"2.2-530\"','\"2_2_530_e.pdf\"',10,12,10,89,8),(99,'','\"2.2-536\"','\"2_2_536_e.pdf\"',10,12,10,90,8),(100,'','\"2.2-600\"','\"2_2_600_e.pdf\"',10,14,11,91,8),(101,'','\"2.2-620\"','\"2_2_620_e.pdf\"',10,14,12,92,8),(102,'','\"2.2-640\"','\"2_2_640_e.pdf\"',10,14,4,93,8),(103,'','\"2.2-660\"','\"2_2_660_e.pdf\"',10,14,5,94,8),(104,'','\"2.1-700\"','\"2_1_700_e.pdf\"',11,10,11,95,7),(105,'','\"2.1-720\"','\"2_1_720_e.pdf\"',11,10,12,96,7),(106,'','\"2.1-740\"','\"2_1_740_e.pdf\"',11,10,4,97,7),(107,'','\"2.1-760\"','\"2_1_760_e.pdf\"',11,10,5,98,7),(108,'','\"2.1-546\"','\"2_1_546_e.pdf\"',12,12,10,99,8),(109,'','\"2.1-820\"','\"2_1_820_e.pdf\"',12,10,12,100,8),(110,'','\"2.1-840\"','\"2_1_840_e.pdf\"',12,10,4,101,8),(111,'','\"2.1-860\"','\"2_1_860_e.pdf\"',12,10,5,102,8),(112,'','\"2.1-548\"','\"2_1_548_e.pdf\"',13,12,10,103,9),(113,'','\"2.1-920\"','\"2_1_920_e.pdf\"',13,10,12,104,9),(114,'','\"2.1-940\"','\"2_1_940_e.pdf\"',13,10,4,105,9),(115,'','\"2.1-960\"','\"2_1_960_e.pdf\"',13,10,5,106,9),(116,'','\"2.1-950\"','\"2_1_950_e.pdf\"',13,1,4,107,10),(117,'','\"2.1-970\"','\"2_1_970_e.pdf\"',13,1,5,108,10),(118,'','\"2.4-510\"','\"2_4_510_e.pdf\"',15,12,9,109,NULL),(119,'','\"2.4-512\"','\"2_4_512_e.pdf\"',15,16,9,110,NULL),(120,'','\"2.4-532\"','\"2_4_532_e.pdf\"',15,16,10,111,NULL),(121,'','\"2.4-552\"','\"2_4_552_e.pdf\"',15,16,13,112,NULL),(122,'','\"2.4-700\"','\"2_4_700_e.pdf\"',15,10,11,113,NULL),(123,'','\"2.4-730\"','\"2_4_730_e.pdf\"',15,10,12,114,NULL),(124,'','\"2.4-750\"','\"2_4_750_e.pdf\"',15,10,4,115,NULL),(125,'','\"2.4-770\"','\"2_4_770_e.pdf\"',15,10,5,116,NULL),(126,'','\"2.4-610\"','\"2_4_610_e.pdf\"',16,12,9,117,NULL),(127,'','\"2.4-800\"','\"2_4_800_e.pdf\"',16,10,11,118,NULL),(128,'','\"2.4-835\"','\"2_4_835_e.pdf\"',16,10,12,119,NULL),(129,'','\"2.4-850\"','\"2_4_850_e.pdf\"',16,10,4,120,NULL),(130,'','\"2.4-870\"','\"2_4_870_e.pdf\"',16,10,5,121,NULL),(131,'','\"2.5-510\"','\"2_5_510_e.pdf\"',17,12,9,122,11),(132,'','\"2.5-530\"','\"2_5_530_e.pdf\"',17,12,10,123,11),(133,'','\"2.5-535\"','\"2_5_535_e.pdf\"',17,12,10,124,11),(134,'','\"2.5-550\"','\"2_5_550_e.pdf\"',17,12,13,125,11),(135,'','\"2.5-700\"','\"2_5_700_e.pdf\"',17,14,11,126,11),(136,'','\"2.5-720\"','\"2_5_720_e.pdf\"',17,14,12,127,11),(137,'','\"2.5-740\"','\"2_5_740_e.pdf\"',17,14,4,128,11),(138,'','\"2.5-760\"','\"2_5_760_e.pdf\"',17,14,5,129,11),(139,'','\"2.5-540\"','\"2_5_540_e.pdf\"',17,12,10,130,12),(140,'','\"2.5-555\"','\"2_5_555_e.pdf\"',17,12,13,131,12),(141,'','\"2.5-742\"','\"2_5_742_e.pdf\"',17,14,4,132,12),(142,'','\"2.5-762\"','\"2_5_762_e.pdf\"',17,14,5,133,12),(143,'','\"2.5-630\"','\"2_5_630_e.pdf\"',18,12,10,134,NULL),(144,'','\"2.5-650\"','\"2_5_650_e.pdf\"',18,12,19,135,NULL),(145,'','\"2.5-820\"','\"2_5_820_e.pdf\"',18,10,12,136,NULL),(146,'','\"2.5-840\"','\"2_5_840_e.pdf\"',18,10,4,137,NULL),(147,'','\"2.5-860\"','\"2_5_860_e.pdf\"',18,10,5,138,NULL),(148,'','\"2.5-920\"','\"2_5_920_e.pdf\"',19,10,12,139,NULL),(149,'','\"2.5-940\"','\"2_5_940_e.pdf\"',19,10,4,140,NULL),(150,'','\"2.5-960\"','\"2_5_960_e.pdf\"',19,10,5,141,NULL),(151,'','\"2.7-15\"','\"2_7_15_e.pdf\"',21,10,11,142,NULL),(152,'','\"2.7-20\"','\"2_7_20_e.pdf\"',21,10,12,143,NULL),(153,'','\"2.7-41\"','\"2_7_41_e.pdf\"',21,10,4,144,NULL),(154,'','\"2.7-50\"','\"2_7_50_e.pdf\"',21,10,5,145,NULL),(155,'','\"2.7-62\"','\"2_7_62_e.pdf\"',22,12,13,146,NULL),(156,'','\"2.7-65\"','\"2_7_65_e.pdf\"',22,10,11,147,NULL),(157,'','\"2.7-70\"','\"2_7_70_e.pdf\"',22,10,12,148,NULL),(158,'','\"2.7-72\"','\"2_7_72_e.pdf\"',22,10,20,149,NULL),(159,'','\"2.7-90\"','\"2_7_90_e.pdf\"',22,10,4,150,NULL),(160,'','\"2.7-100\"','\"2_7_100_e.pdf\"',22,10,5,151,NULL),(161,'','\"2.7-150\"','\"2_7_150_e.pdf\"',23,10,12,152,NULL),(162,'','\"2.7-160\"','\"2_7_160_e.pdf\"',23,10,4,153,NULL),(163,'','\"2.7-170\"','\"2_7_170_e.pdf\"',23,10,5,154,NULL),(164,'','\"2.7-130\"','\"2_7_130_e.pdf\"',24,17,4,155,NULL),(165,'','\"2.7-140\"','\"2_7_140_e.pdf\"',24,17,5,156,NULL),(166,'','\"1.12-210\"','\"1_12_210_e.pdf\"',26,18,21,157,NULL),(167,'','\"1.12-220\"','\"1_12_220_e.pdf\"',26,18,22,158,NULL),(168,'','\"1.12-230\"','\"1_12_230_e.pdf\"',26,18,23,159,NULL),(169,'','\"1.12-240\"','\"1_12_240_e.pdf\"',26,18,24,160,NULL),(170,'','\"1.12-405\"','\"1_12_405_e.pdf\"',27,19,21,161,13),(171,'','\"1.12-410\"','\"1_12_410_e.pdf\"',27,19,22,162,13),(172,'','\"1.12-415\"','\"1_12_415_e.pdf\"',27,19,23,163,13),(173,'','\"1.12-420\"','\"1_12_420_e.pdf\"',27,19,24,164,13),(174,'','\"1.12-425\"','\"1_12_425_e.pdf\"',27,19,21,161,14),(175,'','\"1.12-430\"','\"1_12_430_e.pdf\"',27,19,22,162,14),(176,'','\"1.12-435\"','\"1_12_435_e.pdf\"',27,19,23,163,14),(177,'','\"1.12-440\"','\"1_12_440_e.pdf\"',27,19,24,164,14),(178,'','\"1.12-445\"','\"1_12_445_e.pdf\"',27,19,21,161,15),(179,'','\"1.12-450\"','\"1_12_450_e.pdf\"',27,19,22,162,15),(180,'','\"1.12-455\"','\"1_12_455_e.pdf\"',27,19,23,163,15),(181,'','\"1.12-460\"','\"1_12_460_e.pdf\"',27,19,24,164,15),(182,'','\"1.10-06\"','\"1_10_06_e.pdf\"',30,1,12,165,16),(183,'','\"1.10-11\"','\"1_10_11_e.pdf\"',30,1,4,166,16),(184,'','\"1.10-20\"','\"1_10_20_e.pdf\"',30,1,5,167,16),(185,'','\"1.10-2710\"','\"1_10_2710p_e.pdf\"',30,20,25,168,17),(186,'','\"1.10-2720\"','\"1_10_2720p_e.pdf\"',30,20,26,169,17),(187,'','\"1.10-66\"','\"1_10_66p_e.pdf\"',30,1,11,170,17),(188,'','\"1.10-73\"','\"1_10_73p_e.pdf\"',30,5,12,171,17),(189,'','\"1.10-74\"','\"1_10_74p_e.pdf\"',30,5,3,172,17),(190,'','\"1.10-77\"','\"1_10_77p_e.pdf\"',30,5,4,173,17),(191,'','\"1.10-3400\"','\"1_10_3400p_e.pdf\"',30,5,5,174,17),(192,'','\"1.10-70\"','\"1_10_70_e.pdf\"',30,1,12,175,18),(193,'','\"1.10-3240\"','\"1_10_3240_e.pdf\"',30,1,12,176,18),(194,'','\"1.10-82\"','\"1_10_82_e.pdf\"',30,1,4,177,18),(195,'','\"1.10-83\"','\"1_10_83_e.pdf\"',30,1,4,178,18),(196,'','\"1.10-3340\"','\"1_10_3340_e.pdf\"',30,1,4,179,18),(197,'','\"1.10-88\"','\"1_10_88_e.pdf\"',30,5,4,180,19),(198,'','\"1.10-95\"','\"1_10_95_e.pdf\"',31,1,5,181,20),(199,'','\"1.10-3500\"','\"1_10_3500p_e.pdf\"',31,1,5,182,20),(200,'','\"1.10-2310\"','\"1_10_2310_e.pdf\"',31,15,13,183,20),(201,'','\"1.10-2410\"','\"1_10_2410_e.pdf\"',31,15,16,184,20),(202,'','\"2.3-520\"','\"2_3_520_e.pdf\"',33,12,9,185,7),(203,'','\"2.3-539\"','\"2_3_539_e.pdf\"',33,21,10,186,7),(204,'','\"2.3-548\"','\"2_3_548_e.pdf\"',33,12,10,187,7),(205,'','\"2.3-571\"','\"2_3_571_e.pdf\"',33,14,10,188,7),(206,'','\"2.3-700\"','\"2_3_700_e.pdf\"',33,14,11,189,7),(207,'','\"2.3-720\"','\"2_3_720_e.pdf\"',33,14,12,190,7),(208,'','\"2.3-740\"','\"2_3_740_e.pdf\"',33,14,4,191,7),(209,'','\"2.3-760\"','\"2_3_760_e.pdf\"',33,14,5,192,7),(210,'','\"2.3-510\"','\"2_3_510_e.pdf\"',33,12,9,193,8),(211,'','\"2.3-528\"','\"2_3_528_e.pdf\"',33,21,10,194,8),(212,'','\"2.3-529\"','\"2_3_529_e.pdf\"',33,21,10,195,8),(213,'','\"2.3-533\"','\"2_3_533_e.pdf\"',33,12,10,196,8),(214,'','\"2.3-551\"','\"2_3_551_e.pdf\"',33,21,13,197,8),(215,'','\"2.3-590\"','\"2_3_590_e.pdf\"',33,12,16,198,8),(216,'','\"2.3-700\"','\"2_3_700_e.pdf\"',33,14,11,199,8),(217,'','\"2.3-720\"','\"2_3_720_e.pdf\"',33,14,12,200,8),(218,'','\"2.3-740\"','\"2_3_740_e.pdf\"',33,14,4,201,8),(219,'','\"2.3-760\"','\"2_3_760_e.pdf\"',33,14,5,202,8),(220,'','\"2.3-561\"','\"2_3_561_e.pdf\"',33,21,10,203,21),(221,'','\"2.3-562\"','\"2_3_562_e.pdf\"',33,21,10,204,21),(222,'','\"2.3-537\"','\"2_3_537_e.pdf\"',33,21,10,205,21),(223,'','\"2.3-553\"','\"2_3_553_e.pdf\"',33,21,13,206,21),(224,'','\"2.3-603\"','\"2_3_603_e.pdf\"',34,15,18,207,7),(225,'','\"2.3-605\"','\"2_3_605_e.pdf\"',34,15,18,208,7),(226,'','\"2.3-607\"','\"2_3_607_e.pdf\"',34,15,18,209,7),(227,'','\"2.3-671\"','\"2_3_671_e.pdf\"',34,22,27,210,7),(228,'','\"2.3-610\"','\"2_3_610_e.pdf\"',34,12,9,211,22),(229,'','\"2.3-629\"','\"2_3_629_e.pdf\"',34,21,10,212,22),(230,'','\"2.3-641\"','\"2_3_641_e.pdf\"',34,23,10,213,22),(231,'','\"2.3-649\"','\"2_3_649_e.pdf\"',34,21,13,214,22),(232,'','\"2.3-672\"','\"2_3_672_e.pdf\"',34,12,28,215,22),(233,'','\"2.3-690\"','\"2_3_690_e.pdf\"',34,12,16,216,22),(234,'','\"2.3-800\"','\"2_3_800_e.pdf\"',34,14,11,217,22),(235,'','\"2.3-820\"','\"2_3_820_e.pdf\"',34,14,12,218,22),(236,'','\"2.3-840\"','\"2_3_840_e.pdf\"',34,14,4,219,22),(237,'','\"2.3-860\"','\"2_3_860_e.pdf\"',34,14,5,220,22),(238,'','\"2.3-632\"','\"2_3_632_e.pdf\"',34,24,10,221,21),(239,'','\"2.3-643\"','\"2_3_643_e.pdf\"',34,24,10,222,21),(240,'','\"2.3-652\"','\"2_3_652_e.pdf\"',34,24,13,223,21),(241,'','\"2.6-510\"','\"2_6_510_e.pdf\"',36,12,9,224,NULL),(242,'','\"2.6-531\"','\"2_6_531_e.pdf\"',36,21,10,225,NULL),(243,'','\"2.6-551\"','\"2_6_551_e.pdf\"',36,21,13,226,NULL),(244,'','\"2.6-700\"','\"2_6_700_e.pdf\"',36,14,11,227,NULL),(245,'','\"2.6-720\"','\"2_6_720_e.pdf\"',36,14,12,228,NULL),(246,'','\"2.6-740\"','\"2_6_740_e.pdf\"',36,14,4,229,NULL),(247,'','\"2.6-760\"','\"2_6_760_e.pdf\"',36,14,5,230,NULL),(248,'','\"2.6-541\"','\"2_6_541_e.pdf\"',36,12,10,231,21),(249,'','\"2.6-561\"','\"2_6_561_e.pdf\"',36,12,13,232,21),(250,'','\"2.6-610\"','\"2_6_610_e.pdf\"',37,12,9,233,11),(251,'','\"2.6-631\"','\"2_6_631_e.pdf\"',37,21,10,234,11),(252,'','\"2.6-651\"','\"2_6_651_e.pdf\"',37,21,13,235,11),(253,'','\"2.6-675\"','\"2_6_675_e.pdf\"',37,12,29,236,11),(254,'','\"2.6-690\"','\"2_6_690_e.pdf\"',37,23,16,237,11),(255,'','\"2.6-820\"','\"2_6_820_e.pdf\"',37,14,12,238,11),(256,'','\"2.6-840\"','\"2_6_840_e.pdf\"',37,14,4,239,11),(257,'','\"2.6-860\"','\"2_6_860_e.pdf\"',37,14,5,240,11),(258,'','\"2.6-644\"','\"2_6_644_e.pdf\"',37,21,10,241,12),(259,'','\"2.6-666\"','\"2_6_666_e.pdf\"',37,21,13,242,12),(260,'','\"2.6-670\"','\"2_6_670_e.pdf\"',37,12,29,243,12),(261,'','\"2.6-695\"','\"2_6_695_e.pdf\"',37,23,16,244,12),(262,'','\"2.6-842\"','\"2_6_842_e.pdf\"',37,14,4,245,12),(263,'','\"2.6-862\"','\"2_6_862_e.pdf\"',37,14,5,246,12),(264,'','\"2.6-661\"','\"2_6_661_e.pdf\"',37,21,13,247,23),(265,'','\"2.6-633\"','\"2_6_633_e.pdf\"',37,12,10,248,21),(266,'','\"2.6-647\"','\"2_6_647_e.pdf\"',37,12,10,249,21),(267,'','\"2.6-659\"','\"2_6_659_e.pdf\"',37,12,13,250,21),(268,'','\"2.6-668\"','\"2_6_668_e.pdf\"',37,12,13,251,21),(269,'','\"1.13-62\"','\"1_13_62_e.pdf\"',40,25,NULL,252,NULL),(270,'','\"1.13-64\"','\"1_13_64_e.pdf\"',41,26,NULL,253,NULL),(271,'','\"1.13-101\"','\"1_13_101_e.pdf\"',41,27,NULL,254,NULL),(272,'','\"1.13-240\"','\"1_13_240_e.pdf\"',41,28,NULL,255,NULL),(273,'','\"1.13-270\"','\"1_13_275_e.pdf\"',41,29,NULL,256,24),(274,'','\"1.13-275\"','\"1_13_275_e.pdf\"',41,30,NULL,256,24),(275,'','\"1.13-280\"','\"1_13_280_e.pdf\"',41,31,NULL,256,24),(276,'','\"1.13-285\"','\"1_13_285_e.pdf\"',41,32,NULL,256,24),(277,'','\"1.13-290\"','\"1_13_290_e.pdf\"',41,33,NULL,256,24),(278,'','\"1.13-300\"','\"1_13_300_e.pdf\"',41,34,NULL,256,24),(279,'','\"1.13-310\"','\"1_13_310_e.pdf\"',41,35,NULL,256,24),(280,'','\"1.13-320\"','\"1_13_320_e.pdf\"',41,36,NULL,256,24),(281,'','\"1.13-106\"','\"1_13_106_e.pdf\"',43,27,NULL,254,NULL),(282,'','\"1.13-240\"','\"1_13_240_e.pdf\"',43,28,NULL,255,NULL),(283,'','\"2.9-05\"','\"2_9_05_e.pdf\"',46,37,7,257,NULL),(284,'','\"2.9-10\"','\"2_9_10_e.pdf\"',46,37,2,258,NULL),(285,'','\"2.9-12\"','\"2_9_12_e.pdf\"',46,37,20,259,NULL),(286,'','\"2.9-30\"','\"2_9_30_e.pdf\"',46,37,4,260,NULL),(287,'','\"2.9-40\"','\"2_9_40_e.pdf\"',46,37,5,261,NULL),(288,'','\"2.9-45\"','\"2_9_45_e.pdf\"',47,37,11,262,NULL),(289,'','\"2.9-50\"','\"2_9_50_e.pdf\"',47,37,12,263,NULL),(290,'','\"2.9-60\"','\"2_9_60_e.pdf\"',47,37,4,264,NULL),(291,'','\"2.9-70\"','\"2_9_70_e.pdf\"',47,37,5,265,NULL),(292,'','\"2.9-85\"','\"2_9_85_e.pdf\"',48,38,11,266,NULL),(293,'','\"2.9-90\"','\"2_9_90_e.pdf\"',48,38,12,267,NULL),(294,'','\"2.9-100\"','\"2_9_100_e.pdf\"',48,38,4,268,NULL),(295,'','\"2.9-110\"','\"2_9_110_e.pdf\"',48,38,5,269,NULL),(296,'','\"2.9-200\"','\"2_9_200_e.pdf\"',49,38,NULL,270,25),(297,'','\"2.9-205\"','\"2_9_205_e.pdf\"',49,38,NULL,271,26),(298,'','\"2.9-210\"','\"2_9_210_e.pdf\"',49,38,NULL,272,27),(299,'','\"2.10-10\"','\"2_10_10_e.pdf\"',50,10,11,273,NULL),(300,'','\"2.10-20\"','\"2_10_20_e.pdf\"',50,10,12,274,NULL),(301,'','\"2.10-30\"','\"2_10_30_e.pdf\"',50,10,4,275,NULL),(302,'','\"2.10-40\"','\"2_10_40_e.pdf\"',50,10,5,276,NULL),(303,'','\"2.9-122\"','\"2_9_122_e.pdf\"',51,39,30,277,NULL),(304,'','\"2.9-124\"','\"2_9_124_e.pdf\"',51,39,4,278,NULL),(305,'','\"2.9-126\"','\"2_9_126_e.pdf\"',51,39,5,279,NULL),(306,'','\"2.10-210\"','\"2_10_210_e.pdf\"',52,40,8,NULL,NULL),(307,'','\"2.10-220\"','\"2_10_220_e.pdf\"',52,40,31,NULL,NULL),(308,'','\"2.10-240\"','\"2_10_240_e.pdf\"',52,40,5,NULL,NULL),(309,'','\"2.10-110\"','\"2_10_110_e.pdf\"',53,41,11,280,NULL),(310,'','\"2.10-120\"','\"2_10_120_e.pdf\"',53,41,12,281,NULL),(311,'','\"2.10-130\"','\"2_10_130_e.pdf\"',53,41,4,282,NULL),(312,'','\"2.10-140\"','\"2_10_140_e.pdf\"',53,41,5,283,NULL),(313,'','\"2.10-310\"','\"2_10_310_e.pdf\"',54,41,11,284,NULL),(314,'','\"2.10-320\"','\"2_10_320_e.pdf\"',54,41,12,281,NULL),(315,'','\"2.10-330\"','\"2_10_330_e.pdf\"',54,41,4,282,NULL),(316,'','\"2.10-340\"','\"2_10_340_e.pdf\"',54,41,5,283,NULL),(317,'','\"2.10-420\"','\"2_10_420_e.pdf\"',55,42,2,285,NULL),(318,'','\"2.10-430\"','\"2_10_430_e.pdf\"',55,42,4,286,NULL),(319,'','\"1.13-550\"','\"1_13_550_e.pdf\"',57,43,NULL,287,NULL),(320,'','\"1.13-555\"','\"1_13_555_e.pdf\"',57,44,NULL,288,NULL),(321,'','\"1.1-80\"','\"1_1_80_e.pdf\"',59,1,32,289,28),(322,'','\"1.1-85\"','\"1_1_85_e.pdf\"',59,1,32,290,28),(323,'','\"1.1-100\"','\"1_1_100_e.pdf\"',59,1,33,291,28),(324,'','\"1.1-105\"','\"1_1_105_e.pdf\"',59,1,33,292,28),(325,'','\"1.1-110\"','\"1_1_110_e.pdf\"',59,1,33,293,28),(326,'','\"1.1-120\"','\"1_1_120_e.pdf\"',59,1,34,294,28),(327,'','\"1.1-125\"','\"1_1_125_e.pdf\"',59,1,34,295,28),(328,'','\"1.1-145\"','\"1_1_145_e.pdf\"',59,1,35,296,28),(329,'','\"1.1-150\"','\"1_1_150_e.pdf\"',59,1,35,297,28),(330,'','\"1.1-122\"','\"1_1_122_e.pdf\"',59,1,34,298,29),(331,'','\"1.1-127\"','\"1_1_127_e.pdf\"',59,1,34,299,29),(332,'','\"1.1-90\"','\"1_1_90_e.pdf\"',60,1,32,300,30),(333,'','\"1.1-115\"','\"1_1_115_e.pdf\"',60,1,33,301,30),(334,'','\"1.1-130\"','\"1_1_130_e.pdf\"',60,1,34,302,30),(335,'','\"1.1-155\"','\"1_1_155_e.pdf\"',60,1,35,303,30),(336,'','\"1.1-117\"','\"1_1_117_e.pdf\"',60,1,33,304,31),(337,'','\"1.1-168\"','\"1_1_168_e.pdf\"',61,45,NULL,305,NULL),(338,'','\"1.1-169\"','\"1_1_169_e.pdf\"',61,45,NULL,306,NULL),(339,'','\"1.1-170\"','\"1_1_170_e.pdf\"',61,45,NULL,307,NULL),(340,'','\"1.1-171\"','\"1_1_171_e.pdf\"',61,45,NULL,308,NULL),(341,'','\"1.1-172\"','\"1_1_172_e.pdf\"',61,45,NULL,309,NULL),(342,'','\"1.1-173\"','\"1_1_173_e.pdf\"',61,45,NULL,310,NULL),(343,'','\"1.1-174\"','\"1_1_174_e.pdf\"',61,45,NULL,311,NULL),(344,'','\"1.1-175\"','\"1_1_175_e.pdf\"',61,45,NULL,312,NULL),(345,'','\"1.1-180\"','\"1_1_180_e.pdf\"',61,45,NULL,313,NULL),(346,'','\"1.1-181\"','\"1_1_181_e.pdf\"',61,45,NULL,314,NULL),(347,'','\"1.1-182\"','\"1_1_182_e.pdf\"',61,45,NULL,315,NULL),(348,'','\"1.1-190\"','\"1_1_190_e.pdf\"',61,45,NULL,316,NULL),(349,'','\"1.1-191\"','\"1_1_191_e.pdf\"',61,45,NULL,317,NULL),(350,'','\"1.1-193\"','\"1_1_193_e.pdf\"',61,45,NULL,318,NULL),(351,'','\"1.1-330\"','\"1_1_330_e.pdf\"',61,46,NULL,319,NULL),(352,'','\"1.3-23\"','\"1_3_23_e.pdf\"',64,47,12,320,7),(353,'','\"1.3-33\"','\"1_3_33_e.pdf\"',64,47,4,321,7),(354,'','\"1.3-34\"','\"1_3_34_e.pdf\"',64,47,4,322,7),(355,'','\"1.3-40\"','\"1_3_40_e.pdf\"',64,48,4,323,7),(356,'','\"1.3-42\"','\"1_3_42_e.pdf\"',64,48,4,324,7),(357,'','\"1.9-37\"','\"1_9_37_e.pdf\"',64,47,5,325,8),(358,'','\"1.10-88\"','\"1_10_88_e.pdf\"',64,47,4,180,32),(359,'','\"1.11-2052\"','\"1_11_2052_e.pdf\"',65,49,9,41,7),(360,'','\"1.11-2054\"','\"1_11_2054_e.pdf\"',65,50,9,42,7),(361,'','\"1.11-2064\"','\"1_11_2064_e.pdf\"',65,51,10,326,7),(362,'','\"1.11-3132\"','\"1_11_3132_e.pdf\"',65,47,12,327,7),(363,'','\"1.11-3143\"','\"1_11_3143_e.pdf\"',65,47,4,328,7),(364,'','\"1.11-2084\"','\"1_11_2084_e.pdf\"',65,51,10,329,8),(365,'','\"1.11-2085\"','\"1_11_2085_e.pdf\"',65,51,13,330,8),(366,'','\"2.3-536\"','\"2_3_536_e.pdf\"',66,52,10,331,33),(367,'','\"2.3-547\"','\"2_3_547_e.pdf\"',66,52,10,332,33),(368,'','\"2.3-602\"','\"2_3_602_e.pdf\"',66,52,18,333,34),(369,'','\"2.3-608\"','\"2_3_608_e.pdf\"',66,52,18,334,34),(370,'','\"2.3-635\"','\"2_3_635_e.pdf\"',66,52,10,335,34),(371,'','\"2.3-644\"','\"2_3_644_e.pdf\"',66,52,10,336,34),(372,'','\"2.3-654\"','\"2_3_654_e.pdf\"',66,52,13,337,34),(373,'','\"2.6-535\"','\"2_6_535_e.pdf\"',67,53,10,338,35),(374,'','\"2.6-634\"','\"2_6_634_e.pdf\"',67,53,10,339,36),(375,'','\"2.6-648\"','\"2_6_648_e.pdf\"',67,53,10,340,37),(376,'','\"1.1-183\"','\"1_1_183_e.pdf\"',69,45,34,341,NULL),(377,'','\"1.1-185\"','\"1_1_185_e.pdf\"',70,45,34,342,NULL);
/*!40000 ALTER TABLE `wf_product` ENABLE KEYS */;
UNLOCK TABLES;

--
-- Table structure for table `wf_product_construction`
--

DROP TABLE IF EXISTS `wf_product_construction`;
/*!40101 SET @saved_cs_client     = @@character_set_client */;
/*!40101 SET character_set_client = utf8 */;
CREATE TABLE `wf_product_construction` (
  `id` int(11) NOT NULL AUTO_INCREMENT,
  `name` varchar(255) NOT NULL,
  PRIMARY KEY (`id`)
) ENGINE=InnoDB AUTO_INCREMENT=54 DEFAULT CHARSET=utf8;
/*!40101 SET character_set_client = @saved_cs_client */;

--
-- Dumping data for table `wf_product_construction`
--

LOCK TABLES `wf_product_construction` WRITE;
/*!40000 ALTER TABLE `wf_product_construction` DISABLE KEYS */;
INSERT INTO `wf_product_construction` VALUES (1,'\"Фланцевая конструкция\"'),(2,'\"Flange construction (slip-on coil)\"'),(3,'\"Flange construction with 8 Watt spools\"'),(4,'\"Flange construction with position monitoring\"'),(5,'\"Flange construction\"'),(6,'\"Poppet valve direct operated\"'),(7,'\"Штепсельный патрон\"'),(8,'\"Solenoid poppet valve cartridge EEx d II C M18\"'),(9,'\"Solenoid poppet valve cartridge Exi,\"'),(10,'\"многослойная конструкция\"'),(11,'\"Poppet valve pilot operated\"'),(12,'\"Резьбовой патрон\"'),(13,'\"Ограничивающие давление патроны с прямым управлением, leakage free\"'),(14,'\"Многослойная/фланцевая конструкция\"'),(15,'\"Screw-in cartridge construction\"'),(16,'\"Screw-in construction\"'),(17,'\"для монтажа в трубе\"'),(18,'\"2-ходовые встраиваемые клапаны\"'),(19,'\"Крышка управления\"'),(20,'\"Screw-in cartridge type\"'),(21,'\"Резьбовой патрон (сменная катушка)\"'),(22,'\"Патрон регулирования давления\"'),(23,'\"Screw-in cartridge construction (slip-in coil)\"'),(24,'\"Резьбовой патрон (Slip-in coil)\"'),(25,'\"Тип разъема\"'),(26,'\"With cabele outlet\"'),(27,'\"Модуль с защелкой\"'),(28,'\"Мобильная электроника\"'),(29,'\"Digital mobile electronics CL-307\"'),(30,'\"Digital mobile electronics CL-446\"'),(31,'\"Digital mobile electronics CL-449\"'),(32,'\"Digital mobile electronics CL-450\"'),(33,'\"Digital mobile electronics CL-451\"'),(34,'\"Digital mobile electronics keypad CL-609\"'),(35,'\"Mobile electronics Display CL-709\"'),(36,'\"Mobile electronics Display CL-711\"'),(37,'\"Плата\"'),(38,'\"Корпус\"'),(39,'\"Уголки, болты, гайки\"'),(40,'\"Болты, гайки\"'),(41,'\"Пластины\"'),(42,'\"Plates\"'),(43,'\"Пружинные контактные планки\"'),(44,'\"Блок сменных плат\"'),(45,'\"Конструкция сменной катушки\"'),(46,'\"Slip-on coil with integrated amplifier electronics\"'),(47,'\"Фланцевая конструкция, Ex d\"'),(48,'\"Фланцевая конструкция, Ex ia\"'),(49,'\"Solenoid poppet valve cartridge Ex d II C M18\"'),(50,'\"Solenoid poppet valve cartridge Exi\"'),(51,'\"Резьбовой патрон Exd\"'),(52,'\"Резьбовой патрон, Ex d\"'),(53,'\"Screw-in cartridge construction, Ex d\"');
/*!40000 ALTER TABLE `wf_product_construction` ENABLE KEYS */;
UNLOCK TABLES;

--
-- Table structure for table `wf_product_control`
--

DROP TABLE IF EXISTS `wf_product_control`;
/*!40101 SET @saved_cs_client     = @@character_set_client */;
/*!40101 SET character_set_client = utf8 */;
CREATE TABLE `wf_product_control` (
  `id` int(11) NOT NULL AUTO_INCREMENT,
  `name` varchar(255) NOT NULL,
  PRIMARY KEY (`id`)
) ENGINE=InnoDB AUTO_INCREMENT=38 DEFAULT CHARSET=utf8;
/*!40101 SET character_set_client = @saved_cs_client */;

--
-- Dumping data for table `wf_product_control`
--

LOCK TABLES `wf_product_control` WRITE;
/*!40000 ALTER TABLE `wf_product_control` DISABLE KEYS */;
INSERT INTO `wf_product_control` VALUES (1,'\"С электромагнитным приводом\"'),(2,'\"С электромагнитным приводом, плавного переключения\"'),(3,'\"С механическим приводом\"'),(4,'\"С пневматическим приводом\"'),(5,'\"С гидравлическим приводом\"'),(6,'\"С ручным приводом\"'),(7,'\"С прямым управлением\"'),(8,'\"С пилотным управлением\"'),(9,'\"С пилотным управлением, с 1 настраиваемой точкой переключения\"'),(10,'\"С пилотным управлением, с 2-мя настраиваемыми точками переключения\"'),(11,'\"2-ходовые\"'),(12,'\"3-ходовые\"'),(13,'\"Крышка с клапанами управления Для функций хода\"'),(14,'\"Для функций давления\"'),(15,'\"Для функций блокировки\"'),(16,'\"С компенсацией нагрузки\"'),(17,'\"Без компенсации нагрузки\"'),(18,'\"С встроенной электроникой\"'),(19,'\"Ex protection\"'),(20,'\"без компенсации нагрузки\"'),(21,'\"с встроенной электроникой\"'),(22,'\"с пилотным управлением\"'),(23,'\"Все в одном\"'),(24,'\"PME (Programmable Mobile Electronics)\"'),(25,'\"для редукционных клапанов\"'),(26,'\"для 2-ходовых клапанов\"'),(27,'\"для 3-ходовых клапанов\"'),(28,'\"Простое исполнение\"'),(29,'\"Сдвоенное исполнение\"'),(30,'\"Толкающее исполнение\"'),(31,'\"Тянущее исполнение\"'),(32,'\"Пропорциональные, с прямым управлением\"'),(33,'\"Клапаны редукционные\"'),(34,'\"Клапаны регулировки давления\"'),(35,'\"Throttle valves\"'),(36,'\"2-way flow control valves\"'),(37,'\"3-way flow control valves\"');
/*!40000 ALTER TABLE `wf_product_control` ENABLE KEYS */;
UNLOCK TABLES;

--
-- Table structure for table `wf_product_size`
--

DROP TABLE IF EXISTS `wf_product_size`;
/*!40101 SET @saved_cs_client     = @@character_set_client */;
/*!40101 SET character_set_client = utf8 */;
CREATE TABLE `wf_product_size` (
  `id` int(11) NOT NULL AUTO_INCREMENT,
  `name` varchar(128) NOT NULL,
  PRIMARY KEY (`id`)
) ENGINE=InnoDB AUTO_INCREMENT=36 DEFAULT CHARSET=utf8;
/*!40101 SET character_set_client = @saved_cs_client */;

--
-- Dumping data for table `wf_product_size`
--

LOCK TABLES `wf_product_size` WRITE;
/*!40000 ALTER TABLE `wf_product_size` DISABLE KEYS */;
INSERT INTO `wf_product_size` VALUES (1,'\"NG3-mini\"'),(2,'\"NG4-Mini\"'),(3,'\"NG4\"'),(4,'\"NG6\"'),(5,'\"NG10\"'),(6,'\"NG4-mini\"'),(7,'\"NG3-Mini\"'),(8,'\"NG3\"'),(9,'\"M18x1,5\"'),(10,'\"M22x1,5\"'),(11,'\"NG3-мини\"'),(12,'\"NG4-мини\"'),(13,'\"M33x2\"'),(14,'\"M20x1,5\"'),(15,'\"3/4-16UNF\"'),(16,'\"M42x2\"'),(17,'\"3/4\"'),(18,'\"M16x1,5\"'),(19,'\"N33x2\"'),(20,'\"NG4-ISO\"'),(21,'\"NG16\"'),(22,'\"NG25\"'),(23,'\"NG32\"'),(24,'\"NG40\"'),(25,'\"3/4-16 UNF\"'),(26,'\"7/8-14 UNF\"'),(27,'\"Ø11\"'),(28,'\"7/8\"'),(29,'\"1 5/16\"'),(30,'\"NG3, NG4\"'),(31,'\"NG4, NG6\"'),(32,'\"29 мм\"'),(33,'\"35 мм\"'),(34,'\"45 мм\"'),(35,'\"60 мм\"');
/*!40000 ALTER TABLE `wf_product_size` ENABLE KEYS */;
UNLOCK TABLES;

--
-- Table structure for table `wf_product_type`
--

DROP TABLE IF EXISTS `wf_product_type`;
/*!40101 SET @saved_cs_client     = @@character_set_client */;
/*!40101 SET character_set_client = utf8 */;
CREATE TABLE `wf_product_type` (
  `id` int(11) NOT NULL AUTO_INCREMENT,
  `name` varchar(128) NOT NULL,
  PRIMARY KEY (`id`)
) ENGINE=InnoDB AUTO_INCREMENT=343 DEFAULT CHARSET=utf8;
/*!40101 SET character_set_client = @saved_cs_client */;

--
-- Dumping data for table `wf_product_type`
--

LOCK TABLES `wf_product_type` WRITE;
/*!40000 ALTER TABLE `wf_product_type` DISABLE KEYS */;
INSERT INTO `wf_product_type` VALUES (1,'\"BM4x3\"'),(2,'\"WD.FA04\"'),(3,'\"WD.FB04\"'),(4,'\"WD.FA06\"'),(5,'\"WD.FA06-../L8\"'),(6,'\"WDMFA06-..-Z...\"'),(7,'\"WDMFA10#1\"'),(8,'\"WDMFA10-..-Z...\"'),(9,'\"WWMFA04\"'),(10,'\"WWMFB04\"'),(11,'\"WWMFA06\"'),(12,'\"A.W4x10\"'),(13,'\"WDH/TFA03\"'),(14,'\"BH/T4x4\"'),(15,'\"AH/T4x6\"'),(16,'\"AH/T4x10\"'),(17,'\"WDLFA03\"'),(18,'\"BK4x4\"'),(19,'\"AK4x6\"'),(20,'\"AK4x10\"'),(21,'\"WDFFA03\"'),(22,'\"BP4x4\"'),(23,'\"AP4x6\"'),(24,'\"AP4x10\"'),(25,'\"AMVP4x10\"'),(26,'\"WVMFA10\"'),(27,'\"WVYFA10\"'),(28,'\"AHVP3x10\"'),(29,'\"AKVP4X10\"'),(30,'\"SDEPM20-BA\"'),(31,'\"SDEPU08-BA/AB\"'),(32,'\".2203\"'),(33,'\".2203-S1265\"'),(34,'\".2204\"'),(35,'\".2204-S1265\"'),(36,'\".2206\"'),(37,'\".2206-S1265\"'),(38,'\".2210\"'),(39,'\".2210-S1265\"'),(40,'\"SDSPM18\"'),(41,'\"SDYPM18\"'),(42,'\"SDZPM18\"'),(43,'\"SDSPM22\"'),(44,'\"B.2203\"'),(45,'\"B.2204\"'),(46,'\"A.2206\"'),(47,'\"A.4306\"'),(48,'\"A.2210\"'),(49,'\"Z.2203\"'),(50,'\"Z.2204\"'),(51,'\"Z.2206\"'),(52,'\"Z.2210\"'),(53,'\"BH2204\"'),(54,'\"AH2206\"'),(55,'\"AH2210\"'),(56,'\"BK2204\"'),(57,'\"AK2206\"'),(58,'\"AK2210\"'),(59,'\"SVEPM20-BC\"'),(60,'\"SVEPU08-BC/CB/BA\"'),(61,'\"SVSPM22\"'),(62,'\"SVSPM33\"'),(63,'\"SVSPM20-BC/CB\"'),(64,'\"SVSPM22-BC/CB\"'),(65,'\"SVSPU08-BC/CB\"'),(66,'\"SVSPM42\"'),(67,'\"BS.PM18\"'),(68,'\"BESPU08\"'),(69,'\"BA.PM22\"'),(70,'\"BK.PM22\"'),(71,'\"BX/BY.PM22\"'),(72,'\"B.S/FA03\"'),(73,'\"B.S/FA04\"'),(74,'\"B.S/FA06\"'),(75,'\"B.S/FA10\"'),(76,'\"BV.PM18\"'),(77,'\"BV.PM22\"'),(78,'\"BVTPM22\"'),(79,'\"BV.PM22-Z9\"'),(80,'\"BVEPM22\"'),(81,'\"BC.PM22\"'),(82,'\"BV.PM33\"'),(83,'\"MDSPM16\"'),(84,'\"MD.S/FA03\"'),(85,'\"BDRVd.4\"'),(86,'\"ADRVd.6\"'),(87,'\"ADRVd.10\"'),(88,'\"MV.PM18\"'),(89,'\"MV.PM22\"'),(90,'\"MVEPM22\"'),(91,'\"MV.S/FA03\"'),(92,'\"MV.S/FA04\"'),(93,'\"MV.S/FA06\"'),(94,'\"MV.S/FA10\"'),(95,'\"G.SA03\"'),(96,'\"G.SA04\"'),(97,'\"G.SA06\"'),(98,'\"G.SA10\"'),(99,'\"FV.PM22\"'),(100,'\"FV.SA04\"'),(101,'\"FV.SA06\"'),(102,'\"FV.SA10\"'),(103,'\"US.PM22\"'),(104,'\"US.SA04\"'),(105,'\"US.SA06\"'),(106,'\"US.SA10\"'),(107,'\"ASPLV62\"'),(108,'\"ASPLV102\"'),(109,'\"DN.PM18\"'),(110,'\"DNIPM18\"'),(111,'\"DNIPM22\"'),(112,'\"DNIPM33\"'),(113,'\"DN.SA03\"'),(114,'\"BDR..4\"'),(115,'\"ADR..6\"'),(116,'\"ADR..10\"'),(117,'\"DR.PM18\"'),(118,'\"DR.SA03\"'),(119,'\"BURD4\"'),(120,'\"AURD6\"'),(121,'\"AURD10\"'),(122,'\"QA.PM18\"'),(123,'\"QRSPM22\"'),(124,'\"QZ.PM22\"'),(125,'\"QZ.PM33\"'),(126,'\"QA.S/FA03\"'),(127,'\"QZ.S/FA04\"'),(128,'\"QZ.S/FA06\"'),(129,'\"QZ.S/FA10\"'),(130,'\"QD.PM22\"'),(131,'\"QD.PM33\"'),(132,'\"QD.S/FA06\"'),(133,'\"QD.S/FA10\"'),(134,'\"U.FPM22\"'),(135,'\"U.FPM33\"'),(136,'\"U.FSA04\"'),(137,'\"U.FSA06\"'),(138,'\"U.FSA10\"'),(139,'\"VQSA04\"'),(140,'\"VQ.SA06\"'),(141,'\"VQSA10\"'),(142,'\"RNNSA03\"'),(143,'\"BRV..4\"'),(144,'\"RNNSA06\"'),(145,'\"ARV..10\"'),(146,'\"RNXPM33\"'),(147,'\"BDERV3\"'),(148,'\"BDERV4\"'),(149,'\"RNXSB04\"'),(150,'\"ADERV6\"'),(151,'\"ADERV10\"'),(152,'\"BAH.4\"'),(153,'\"AAH.6\"'),(154,'\"AAH.10\"'),(155,'\"RBS.638\"'),(156,'\"RBS.1012\"'),(157,'\"C.16\"'),(158,'\"C.25\"'),(159,'\"C.32\"'),(160,'\"C.40\"'),(161,'\"D16\"'),(162,'\"D25\"'),(163,'\"D32\"'),(164,'\"D40\"'),(165,'\"VWS4x4\"'),(166,'\"VWS4x6\"'),(167,'\"VWS4x10\"'),(168,'\"WDPPU08\"'),(169,'\"WDPPU10\"'),(170,'\"WDPFA03#2\"'),(171,'\"WDPFA04\"'),(172,'\"WDPFB04\"'),(173,'\"WDPFA06\"'),(174,'\"WDPFA10\"'),(175,'\"BRW4x4\"'),(176,'\"WDPFA04-../ME\"'),(177,'\"WDRFA06\"'),(178,'\"WDRFA06-ACB1\"'),(179,'\"WDPFA06-../ME\"'),(180,'\"WDBFA06\"'),(181,'\"AVPW4x10\"'),(182,'\"WVPFA10\"'),(183,'\"WVPPM33\"'),(184,'\"WVPPM42\"'),(185,'\"BDPPM18\"'),(186,'\"BDPPM22\"'),(187,'\"BDIPM22\"'),(188,'\"BSPPM22\"'),(189,'\"BDPS/FA03\"'),(190,'\"BDPS/FA04\"'),(191,'\"BDPS/FA06\"'),(192,'\"BDPS/FA10\"'),(193,'\"BVPPM18\"'),(194,'\"BVIPM22\"'),(195,'\"BVPPM22\"'),(196,'\"BNIPM22\"'),(197,'\"BVPPM33\"'),(198,'\"BVPPM42\"'),(199,'\"BVPS/FA03\"'),(200,'\"BVPS/FA04\"'),(201,'\"BVPS/FA06\"'),(202,'\"BVPS/FA10\"'),(203,'\"BDPPM22-../ME\"'),(204,'\"BDIPM22-../ME\"'),(205,'\"BVPPM22-../ME\"'),(206,'\"BVPPM33-../ME\"'),(207,'\"MDIPM16\"'),(208,'\"MDPPM16\"'),(209,'\"MGPPM16\"'),(210,'\"MDPR11\"'),(211,'\"MVPPM18\"'),(212,'\"MVPPM22\"'),(213,'\"MQPPM22\"'),(214,'\"MVPPM33\"'),(215,'\"MVPPU10\"'),(216,'\"MVPPM42\"'),(217,'\"MVPS/FA03\"'),(218,'\"M.PS/FA04\"'),(219,'\"M.PS/FA06\"'),(220,'\"MVPS/FA10\"'),(221,'\"MVPPM22-../ME\"'),(222,'\"MQPPM22-../ME\"'),(223,'\"MVPPM33-../ME\"'),(224,'\"D.PPM18\"'),(225,'\"DNPPM22\"'),(226,'\"DNPPM33\"'),(227,'\"D.P.A03\"'),(228,'\"D.P.A04\"'),(229,'\"D.P.A06\"'),(230,'\"DNP.A10\"'),(231,'\"DNPPM22-../ME\"'),(232,'\"DNPPM33-../ME\"'),(233,'\"QZPPM18\"'),(234,'\"QNPPM22\"'),(235,'\"QNPPM33\"'),(236,'\"QNPPU16\"'),(237,'\"QNPPM42\"'),(238,'\"QNPS/FA04\"'),(239,'\"QNPS/FA06\"'),(240,'\"QNPS/FA10\"'),(241,'\"QDPPM22\"'),(242,'\"QDPPM33\"'),(243,'\"QDPPU16\"'),(244,'\"QDPPM42\"'),(245,'\"QDPS/FA06\"'),(246,'\"QDPS/FA10\"'),(247,'\"QSPPM33\"'),(248,'\"QNPPM22-../ME\"'),(249,'\"QDPPM22-../ME\"'),(250,'\"QNPPM33-../ME\"'),(251,'\"QDPPM33-../ME\"'),(252,'\"P02\"'),(253,'\"PD2\"'),(254,'\"SD7\"'),(255,'\"MD2\"'),(256,'\"PME\"'),(257,'\"BG3S\"'),(258,'\"BG4.\"'),(259,'\"AGSB04.\"'),(260,'\"AG6.\"'),(261,'\"AG10.\"'),(262,'\"B3/..\"'),(263,'\"B4/..\"'),(264,'\"A6/..\"'),(265,'\"A10/..\"'),(266,'\"AL.A03\"'),(267,'\"BLV4..\"'),(268,'\"ALV6..\"'),(269,'\"ALV10..\"'),(270,'\"C02/D02\"'),(271,'\"A01/B01\"'),(272,'\"F04/G04\"'),(273,'\"PSGA03\"'),(274,'\"BSGK.4\"'),(275,'\"ASGK.6\"'),(276,'\"ASGK.10\"'),(277,'\"BB4.\"'),(278,'\"AB6.\"'),(279,'\"AB10.\"'),(280,'\"P.FA03\"'),(281,'\"B.4\"'),(282,'\"A.6\"'),(283,'\"A.10\"'),(284,'\"P.SA03\"'),(285,'\"BDP4\"'),(286,'\"ADP6\"'),(287,'\"Z04\"'),(288,'\"Z05\"'),(289,'\"SIN29\"'),(290,'\"SIS29\"'),(291,'\"BEII\"'),(292,'\"SIN35\"'),(293,'\"SIS35\"'),(294,'\"SIN45\"'),(295,'\"SIS45\"'),(296,'\"SIN60\"'),(297,'\"SIS60\"'),(298,'\"SIN45D\"'),(299,'\"SIS45D\"'),(300,'\"PI29\"'),(301,'\"PI35\"'),(302,'\"PI45\"'),(303,'\"PI60\"'),(304,'\"PI29-M152\"'),(305,'\"V.E37/19x40/50\"'),(306,'\"W.E37/16x40\"'),(307,'\"M.S35/16x53\"'),(308,'\"M.E35/16x40\"'),(309,'\"K.35/16\"'),(310,'\"W.S37/19x50\"'),(311,'\"M.S35/19x50\"'),(312,'\"N.S35/19x50\"'),(313,'\"W.S45/23x50\"'),(314,'\"M.S45/23x50\"'),(315,'\"W.E45/23x50\"'),(316,'\"W.E62/31x72\"'),(317,'\"W.S63/31x72\"'),(318,'\"M.S60/31x72\"'),(319,'\"MP...-P1-..-A1\"'),(320,'\"BEXd4x4\"'),(321,'\"AEXd4x6\"'),(322,'\"WDYFA06\"'),(323,'\"AEXi4x6\"'),(324,'\"WDZFA06-Z546\"'),(325,'\"AEXdVP4x10\"'),(326,'\"SDYPM22\"'),(327,'\"BEXd2204\"'),(328,'\"AEXd2206\"'),(329,'\"SVYPM22\"'),(330,'\"SVYPM33\"'),(331,'\"BVBPM22\"'),(332,'\"BDBPM22\"'),(333,'\"MDBPM16\"'),(334,'\"MGBPM16\"'),(335,'\"MVBPM22\"'),(336,'\"MQBPM22\"'),(337,'\"MVBPM33\"'),(338,'\"DNBPM22\"'),(339,'\"QNBPM22\"'),(340,'\"QDBPM22\"'),(341,'\"MKY45/18x60\"'),(342,'\"M.Z45/...\"');
/*!40000 ALTER TABLE `wf_product_type` ENABLE KEYS */;
UNLOCK TABLES;
/*!40103 SET TIME_ZONE=@OLD_TIME_ZONE */;

/*!40101 SET SQL_MODE=@OLD_SQL_MODE */;
/*!40014 SET FOREIGN_KEY_CHECKS=@OLD_FOREIGN_KEY_CHECKS */;
/*!40014 SET UNIQUE_CHECKS=@OLD_UNIQUE_CHECKS */;
/*!40101 SET CHARACTER_SET_CLIENT=@OLD_CHARACTER_SET_CLIENT */;
/*!40101 SET CHARACTER_SET_RESULTS=@OLD_CHARACTER_SET_RESULTS */;
/*!40101 SET COLLATION_CONNECTION=@OLD_COLLATION_CONNECTION */;
/*!40111 SET SQL_NOTES=@OLD_SQL_NOTES */;

-- Dump completed on 2018-01-11 17:15:16
